1_7_schweinfurtii,Senecio_schweinfurtii
10_3_roseiflorus,Senecio_roseiflorus
1009_S_inornatus,Senecio_inornatus
1020_S_reclinatus,Senecio_reclinatus
1021_S_rautanenii,Senecio_rautanenii
1022_S_oederiafolius,Senecio_oederiafolius
1025_S_hieracioides,Senecio_hieracioides
1026_S_consanguineus,Senecio_consanguineus
1030_S_rosmarinifolius,Senecio_rosmarinifolius
1101_lydenburgensis,Senecio_lydenburgensis
1104_coronatus,Senecio_coronatus
1105_anomalochorus,Senecio_anomalochorus
1110_chrysocoma,Senecio_chrysocoma
1114_macrospermus,Senecio_macrospermus
1119_glanduloso_lanosus,Senecio_lanosus
1120_glanduloso_pilosus,Senecio_pilosus
1124_affinis,Senecio_affinis
1126_austromontanus,Senecio_austromontanus
1127_byrnensis,Senecio_byrnensis
1129_citriceps,Senecio_citriceps
1130_cristimontanus,Senecio_cristimontanus
1132_macowanii,Senecio_macowanii
1133_mauricei,Senecio_mauricei
1134_mooreanus,Senecio_mooreanus
1137_paludaffinis,Senecio_paludaffinis
1138_praeteritus,Senecio_praeteritus
13_2_sotikensis,Senecio_sotikensis
14_1_subsessilis,Senecio_subsessilis
16_4_fresenii,Senecio_fresenii
17_3_cyaneus,Senecio_cyaneus
18_1_farinaceus,Senecio_farinaceus
19_3_hochstetteri,Senecio_hochstetteri
2_3_purtschelleri,Senecio_purtschelleri
2_5_purtschelleri,Senecio_purtschelleri
2001_Crassocephalum_vitellinium,Crassocephalum_vitellinium
2004_volckmannii,Senecio_volckmannii
2005_chilensis,Senecio_chilensis
2007_humillimus,Senecio_himilimus
2009_spartioides,Senecio_spartioides
2010_flaccidus,Senecio_flaccidus
2011_aphanactis,Senecio_aphanactis
2012_lemmonii,Senecio_lemmonii
2013_rufescens,Senecio_rufescens
2014_cisplatinus,Senecio_cisplatinus
2015_brasiliensis,Senecio_brasiliensis
2016_leptolobus_ambiguities,Senecio_leptolobus
2017_montevidensis,Senecio_montevidensis
2018_adenotrichius_ambiguities,Senecio_adenotrichius
2019_farinifer,Senecio_farinifer
2020_eremophilus,Senecio_eremophilus
2021_niveoaureus,Senecio_niveoaureus
2022_selloi,Senecio_selloi
2023_filaginoides_ambiguities,Senecio_filaginoides
2025_tricuspidatus,Senecio_tricuspidatus
2027_pseudoorientalis,Senecio_pseudoorientalis
2028_paulsenii,Senecio_paulsenii
2029_doronicum,Senecio_doronicum
2030_doriiformis,Senecio_doriiformis
2031_franchetii,Senecio_franchetii
2033_pyrenaicus,Senecio_pyrenaicus
2034_humillimus,Senecio_humillimus
21_1_mattirolii,Senecio_mattirolii
22_2_meyeri_johannis,Senecio_meyeri_johannis
23_2_myriocephalus,Senecio_myriocephalus
24_1_ochrocarpus,Senecio_ochrocarpus
25_1_x_pirottae,Senecio_pirottae
27_1_rhammatophyllus,Senecio_rhammatophyllus
28_4_schimperi,Senecio_schimperi
29_3_schultzii,Senecio_schultzii
3_5_moorei,Senecio_moorei
30_1_snowdenii,Senecio_snowdenii
32_4_transmarinus,Senecio_transmarinus
32_5_transmarinus,Senecio_transmarinus
33_1_unionis,Senecio_unionis
34_1_aegyptius,Senecio_aegyptius
4_1_keniophytum,Senecio_keniophytum
4_3_keniophytum,Senecio_keniophytum
4_5_keniophytum,Senecio_keniophytum
42_1_caloneotes,Senecio_caloneotes
42_2_caloneotes,Senecio_caloneotes
43_1_cathcartensis,Senecio_cathcartensis
46_2_harveianus,Senecio_harveianus
47_1_hypochoerideus,Senecio_hypochoerideus
5_3_aequinoctalis,Senecio_aequinoctialis
50_1_qathlambanus,Senecio_qathlambanus
51_1_seminiveus,Senecio_seminiveus
56_1_platypleurus,Senecio_platypleurus
58_1_balensis,Senecio_balensis
59_1_nanus,Senecio_nanus
60_1_steudelii,Senecio_steudelii
62_1_ragazzi,Senecio_ragazzi
7_2_jacksonii,Senecio_jacksonii
7_3_jacksonii,Senecio_jacksonii
Erechtites_valerianifolius,Erechtites_valerianifolius
S_aegyptius,Senecio_aegyptius
S_aethnensis,Senecio_aethnensis
S_angustifolius,Senecio_angustifolius
S_bollei,Senecio_bollei
S_brasiliensis,Senecio_brasiliensis
S_carroensis,Senecio_carroensis
S_cryphiactis,Senecio_cryphiactis
S_erysimoides,Senecio_erysimoides
S_flaccidus,Senecio_flaccidus
S_glastifolius,Senecio_glastifolius
S_gramineus,Senecio_gramineus
S_gregorii,Senecio_gregorii
S_hispidissimus,Senecio_hispidissimus
S_ilicifolius,Senecio_ilicifolius
S_inaequidens,Senecio_inaequidens
S_integerrimus,Senecio_integerrimus
S_jarae,Senecio_jarae
S_lastarrianus,Senecio_lastarrianus
S_lautus,Senecio_lautus
S_laxus,Senecio_laxus
S_leptophyllus,Senecio_leptophyllus
S_littoreus,Senecio_littoreus
S_mairetianus,Senecio_mairetianus
S_maritimus,Senecio_maritimus
S_maulinus,Senecio_maulinus
S_nemorensis,Senecio_nemorensis
S_niveoaureus,Senecio_niveoaureus
S_niveus,Senecio_niveus
S_oreophyton,Senecio_oreophyton
S_parvifolius,Senecio_parvifolius
S_patens,Senecio_patens
S_pinnatifolius,Senecio_pinnatifolius
S_pinnulatus,Senecio_pinnulatus
S_piptocoma,Senecio_piptocoma
S_polygaloides,Senecio_polygaloides
S_psilocarpus,Senecio_psilocarpus
S_roseus,Senecio_roseus
S_squarrosus,Senecio_squarrosus
S_telekii,Senecio_telekii
S_vestitus,Senecio_vestitus
1004_S_sabinjoensis,Senecio_sabinjoensis
1005_S_urundensis,Senecio_urundensis
S_cadiscus,Senecio_cadiscus
1125_S_arniciflorus,Senecio_arniciflorus
